height,HR,count
65-66,25.66667,3
67-68,37.06667,15
69-70,38.78873,142
71-72,50.94801,327
73-74,72.80139,287
75-76,79.25,104
77-78,44.81818,11
79-80,25.5,2
